metabolite	mode	seed_rep1_locus	seed_rep2_locus	naake_leaf_locus	wu_match	wu_class	wu_control_loci	wu_control_in_naake_seed	wu_control_in_naake_leaf	wu_control_seed_expected	wu_stress_loci	wu_stress_in_naake_seed	wu_stress_in_naake_leaf	wu_stress_seed_expected
3-methylsulfinylpropyl GS	negative	AT5G15540-AT5G25160	AT5G17560-AT5G22590	AT5G22600-AT5G24530										
4-methylsulfinylbutyl GS	negative	AT5G15540-AT5G25160	AT5G22600-AT5G25180	AT5G24557-AT5G25160	4-methylsulfinylbutyl glucosinolate	Glucosinolate	LocusPC_742(LOD 8.6);LocusPC_744(LOD 17.0);LocusNC_707(LOD 34.3);LocusNC_708(LOD 14.5);LocusNC_956(LOD 9.8);LocusNC_959(LOD 17.2);LocusNC_960(LOD 8.4);LocusNC_961(LOD 8.6)	True	False	0.533	LocusPS_763(LOD 14.9);LocusNS_647(LOD 35.1);LocusNS_881(LOD 16.8)	True	False	0.151
4-methylsulfinylbutyl GS	negative	AT5G15540-AT5G25160	AT5G17560-AT5G22590	AT5G22600-AT5G24530	4-methylsulfinylbutyl glucosinolate	Glucosinolate	LocusPC_742(LOD 8.6);LocusPC_744(LOD 17.0);LocusNC_707(LOD 34.3);LocusNC_708(LOD 14.5);LocusNC_956(LOD 9.8);LocusNC_959(LOD 17.2);LocusNC_960(LOD 8.4);LocusNC_961(LOD 8.6)	True	True	0.533	LocusPS_763(LOD 14.9);LocusNS_647(LOD 35.1);LocusNS_881(LOD 16.8)	True	True	0.151
4-methylsulfinylbutyl GS	negative	AT4G00005-AT4G03770	AT4G00180-AT4G03695	AT4G01960-AT4G03760	4-methylsulfinylbutyl glucosinolate	Glucosinolate	LocusPC_742(LOD 8.6);LocusPC_744(LOD 17.0);LocusNC_707(LOD 34.3);LocusNC_708(LOD 14.5);LocusNC_956(LOD 9.8);LocusNC_959(LOD 17.2);LocusNC_960(LOD 8.4);LocusNC_961(LOD 8.6)	True	True	0.409	LocusPS_763(LOD 14.9);LocusNS_647(LOD 35.1);LocusNS_881(LOD 16.8)	True	True	0.133
5-methylsulfinylpentyl GS	negative	AT5G15540-AT5G25160		AT5G22600-AT5G24530	5-methylsulfinylpentyl glucosinolate	Glucosinolate	LocusNC_959(LOD 17.2)	True	True	0.091	LocusNS_881(LOD 16.8)	True	True	0.053
5-methylsulfinylpentyl GS	negative	AT5G15540-AT5G25160		AT5G17550-AT5G22490	5-methylsulfinylpentyl glucosinolate	Glucosinolate	LocusNC_959(LOD 17.2)	True	False	0.091	LocusNS_881(LOD 16.8)	True	False	0.053
6-methylsulfinylhexyl GS	negative		AT5G22600-AT5G25180	AT5G22600-AT5G24530	6-methylsulfinylhexyl glucosinolate	Glucosinolate	LocusNC_959(LOD 17.2)	True	True	0.045	LocusNS_647(LOD 35.1);LocusNS_881(LOD 16.8)	True	True	0.052
7-methylsulfinylheptyl GS	negative	AT5G15540-AT5G25160	AT5G22600-AT5G25180	AT5G22600-AT5G24530	7-methylsulfinylheptyl glucosinolate	Glucosinolate	LocusPC_744(LOD 17.0);LocusNC_959(LOD 17.2)	True	True	0.174	LocusPS_763(LOD 14.9);LocusNS_881(LOD 16.8)	True	True	0.103
8-methylsulfinyloctyl GS	negative	AT5G15540-AT5G25160	AT5G22600-AT5G25180	AT5G22600-AT5G24530	8-Methylsulfinyloctyl glucosinolate	Glucosinolate		False	False	0.0		False	False	0.0
3-hydroxypropyl GS	negative	AT5G15540-AT5G25160	AT5G22600-AT5G25180	AT5G22600-AT5G24530	3-hydroxypropyl-glucosinolate	Glucosinolate	LocusPC_744(LOD 17.0);LocusNC_707(LOD 34.3);LocusNC_708(LOD 14.5);LocusNC_959(LOD 17.2)	True	True	0.317	LocusPS_552(LOD 29.4);LocusPS_763(LOD 14.9);LocusPS_764(LOD 8.7);LocusNS_647(LOD 35.1);LocusNS_648(LOD 9.9);LocusNS_881(LOD 16.8)	True	True	0.279
3-hydroxypropyl GS	negative	AT5G15540-AT5G25160	AT5G22600-AT5G25180	AT5G17550-AT5G22490	3-hydroxypropyl-glucosinolate	Glucosinolate	LocusPC_744(LOD 17.0);LocusNC_707(LOD 34.3);LocusNC_708(LOD 14.5);LocusNC_959(LOD 17.2)	True	False	0.317	LocusPS_552(LOD 29.4);LocusPS_763(LOD 14.9);LocusPS_764(LOD 8.7);LocusNS_647(LOD 35.1);LocusNS_648(LOD 9.9);LocusNS_881(LOD 16.8)	True	False	0.279
3-hydroxypropyl GS	negative	AT4G00005-AT4G03770	AT4G00180-AT4G03695	AT4G01960-AT4G03760	3-hydroxypropyl-glucosinolate	Glucosinolate	LocusPC_744(LOD 17.0);LocusNC_707(LOD 34.3);LocusNC_708(LOD 14.5);LocusNC_959(LOD 17.2)	True	True	0.231	LocusPS_552(LOD 29.4);LocusPS_763(LOD 14.9);LocusPS_764(LOD 8.7);LocusNS_647(LOD 35.1);LocusNS_648(LOD 9.9);LocusNS_881(LOD 16.8)	True	True	0.248
3-hydroxypropyl GS	negative	AT5G38005-AT5G39095	AT5G38005-AT5G39160		3-hydroxypropyl-glucosinolate	Glucosinolate	LocusPC_744(LOD 17.0);LocusNC_707(LOD 34.3);LocusNC_708(LOD 14.5);LocusNC_959(LOD 17.2)	False	False	0.071	LocusPS_552(LOD 29.4);LocusPS_763(LOD 14.9);LocusPS_764(LOD 8.7);LocusNS_647(LOD 35.1);LocusNS_648(LOD 9.9);LocusNS_881(LOD 16.8)	False	False	0.077
4-hydroxybutyl GS	negative	AT5G15540-AT5G25160	AT5G22600-AT5G25180		4-hydroxybutylglucosinolate	Glucosinolate	LocusNC_707(LOD 34.3)	False	False	0.091	LocusNS_647(LOD 35.1)	False	False	0.053
3-methylthiopropyl GS	negative	AT5G15540-AT5G25160	AT5G22600-AT5G25180	AT5G22600-AT5G24530	3-methylthiopropyl-glucosinolate	Glucosinolate	LocusNC_959(LOD 17.2)	True	True	0.091	LocusNS_881(LOD 16.8)	True	True	0.053
4-methylthiobutyl GS	negative	AT5G15540-AT5G25160	AT5G22600-AT5G25180	AT5G22600-AT5G24530	4-methylthiobutyl glucosinolate	Glucosinolate	LocusNC_959(LOD 17.2);LocusNC_960(LOD 8.4)	True	True	0.174	LocusNS_881(LOD 16.8)	True	True	0.053
4-methylthiobutyl GS	negative	AT5G15540-AT5G25160	AT5G17560-AT5G22590	AT5G22600-AT5G24530	4-methylthiobutyl glucosinolate	Glucosinolate	LocusNC_959(LOD 17.2);LocusNC_960(LOD 8.4)	True	True	0.174	LocusNS_881(LOD 16.8)	True	True	0.053
5-methylthiopentyl GS	negative	AT5G15540-AT5G25160	AT5G22600-AT5G25180	AT5G22600-AT5G24530	5-methylthiopentylglucosinolate	Glucosinolate	LocusNC_959(LOD 17.2);LocusNC_960(LOD 8.4)	True	True	0.174	LocusNS_881(LOD 16.8)	True	True	0.053
5-methylthiopentyl GS	negative	AT5G15540-AT5G25160	AT5G17560-AT5G22590		5-methylthiopentylglucosinolate	Glucosinolate	LocusNC_959(LOD 17.2);LocusNC_960(LOD 8.4)	True	False	0.174	LocusNS_881(LOD 16.8)	True	False	0.053
5-methylthiopentyl GS	negative	AT4G00005-AT4G03770	AT4G00180-AT4G03695		5-methylthiopentylglucosinolate	Glucosinolate	LocusNC_959(LOD 17.2);LocusNC_960(LOD 8.4)	False	False	0.123	LocusNS_881(LOD 16.8)	False	False	0.046
7-methylthioheptyl GS	negative	AT5G15540-AT5G25160	AT5G22600-AT5G25180		7-methylthioheptyl glucosinolate	Glucosinolate	LocusPC_533(LOD 26.4);LocusPC_744(LOD 17.0);LocusNC_959(LOD 17.2)	True	False	0.249	LocusNS_881(LOD 16.8)	True	False	0.053
8-methylthiooctyl GS	negative	AT5G15540-AT5G25160	AT5G17560-AT5G22590		8-Methylthiooctyl glucosinolate	Glucosinolate	LocusNC_956(LOD 9.8);LocusNC_959(LOD 17.2);LocusNC_960(LOD 8.4)	True	False	0.249	LocusNS_881(LOD 16.8)	True	False	0.053
1-methoxy-3-indolylmethyl GS	negative	AT4G35280-AT4G37790	AT4G36640-AT4G37950	AT4G35280-AT4G36610										
3-benzoyloxypropyl GS	negative	AT5G15540-AT5G25160	AT5G22600-AT5G25180											
4-benzoyloxybutyl GS	negative	AT5G15540-AT5G25160	AT5G17560-AT5G22590	AT5G22600-AT5G24530	4-benzoyloxybutylglucosinolate	Glucosinolate		False	False	0.0		False	False	0.0
5-benzoyloxypentyl GS	negative	AT4G00005-AT4G03770	AT4G00180-AT4G03695											
5-benzoyloxypentyl GS	negative	AT5G15540-AT5G25160	AT5G22600-AT5G25180											
6-benzoyloxyhexyl GS	negative	AT4G00005-AT4G03770	AT4G00180-AT4G03695											
3-sinapoyloxypropyl GS	negative	AT5G15540-AT5G25160	AT5G22600-AT5G25180											
3-sinapoyloxypropyl GS	negative	AT1G10585-AT1G12420	AT1G09860-AT1G11590											
4-sinapoyloxybutyl GS	negative	AT5G22600-AT5G25180	AT5G22600-AT5G24530											
4-sinapoyloxybutyl GS	negative	AT4G00180-AT4G03695	AT4G01960-AT4G03760											
2-hydroxy-3-butenyl GS	negative	AT4G00005-AT4G03770	AT4G00180-AT4G03695	AT4G01960-AT4G03760										
3-butenyl GS	negative	AT4G00005-AT4G03770	AT4G00180-AT4G03695	AT4G01960-AT4G03760	3-butenylglucosinolate	Glucosinolate	LocusPC_533(LOD 26.4);LocusPC_744(LOD 17.0);LocusNC_707(LOD 34.3);LocusNC_708(LOD 14.5);LocusNC_959(LOD 17.2)	True	True	0.28	LocusPS_552(LOD 29.4);LocusPS_763(LOD 14.9);LocusNS_647(LOD 35.1)	True	True	0.133
3-butenyl GS	negative	AT5G15540-AT5G25160		AT5G22600-AT5G24530	3-butenylglucosinolate	Glucosinolate	LocusPC_533(LOD 26.4);LocusPC_744(LOD 17.0);LocusNC_707(LOD 34.3);LocusNC_708(LOD 14.5);LocusNC_959(LOD 17.2)	True	True	0.379	LocusPS_552(LOD 29.4);LocusPS_763(LOD 14.9);LocusNS_647(LOD 35.1)	True	True	0.151
3-butenyl GS	negative	AT4G00005-AT4G03770	AT4G00180-AT4G03695	AT4G01960-AT4G03760	3-butenylglucosinolate	Glucosinolate	LocusPC_533(LOD 26.4);LocusPC_744(LOD 17.0);LocusNC_707(LOD 34.3);LocusNC_708(LOD 14.5);LocusNC_959(LOD 17.2)	True	True	0.28	LocusPS_552(LOD 29.4);LocusPS_763(LOD 14.9);LocusNS_647(LOD 35.1)	True	True	0.133
sinapoylglucose (isomer 1)	negative	AT5G15540-AT5G25160	AT5G17560-AT5G22590											
quercetin deoxyhexoside	negative	AT5G39185-AT5G48790	AT5G47690-AT5G48790		Quercitrin	Phenylpropanoid		False	False	0.0		False	False	0.0
4-methylsulfinylbutyl GS	positive	AT5G15540-AT5G25160	AT5G20080-AT5G27270	AT5G17550-AT5G26620	4-methylsulfinylbutyl glucosinolate	Glucosinolate	LocusPC_742(LOD 8.6);LocusPC_744(LOD 17.0);LocusNC_707(LOD 34.3);LocusNC_708(LOD 14.5);LocusNC_956(LOD 9.8);LocusNC_959(LOD 17.2);LocusNC_960(LOD 8.4);LocusNC_961(LOD 8.6)	True	True	0.533	LocusPS_763(LOD 14.9);LocusNS_647(LOD 35.1);LocusNS_881(LOD 16.8)	True	True	0.151
4-methylsulfinylbutyl GS	positive		AT4G00970-AT4G03795	AT4G00005-AT4G03770	4-methylsulfinylbutyl glucosinolate	Glucosinolate	LocusPC_742(LOD 8.6);LocusPC_744(LOD 17.0);LocusNC_707(LOD 34.3);LocusNC_708(LOD 14.5);LocusNC_956(LOD 9.8);LocusNC_959(LOD 17.2);LocusNC_960(LOD 8.4);LocusNC_961(LOD 8.6)	True	True	0.362	LocusPS_763(LOD 14.9);LocusNS_647(LOD 35.1);LocusNS_881(LOD 16.8)	True	True	0.115
5-methylsulfinylpentyl GS	positive	AT5G15540-AT5G25160		AT5G17550-AT5G26620	5-methylsulfinylpentyl glucosinolate	Glucosinolate	LocusNC_959(LOD 17.2)	True	True	0.091	LocusNS_881(LOD 16.8)	True	True	0.053
6-methylsulfinylhexyl GS	positive	AT5G25170-AT5G27270	AT5G20080-AT5G27270	AT5G17550-AT5G26620	6-methylsulfinylhexyl glucosinolate	Glucosinolate	LocusNC_959(LOD 17.2)	True	True	0.073	LocusNS_647(LOD 35.1);LocusNS_881(LOD 16.8)	True	True	0.065
7-methylsulfinylheptyl GS	positive	AT5G15540-AT5G25160	AT5G20080-AT5G27270	AT5G17550-AT5G26620	7-methylsulfinylheptyl glucosinolate	Glucosinolate	LocusPC_744(LOD 17.0);LocusNC_959(LOD 17.2)	True	True	0.174	LocusPS_763(LOD 14.9);LocusNS_881(LOD 16.8)	True	True	0.103
3-hydroxypropyl GS	positive		AT4G00970-AT4G03795	AT4G00005-AT4G03770	3-hydroxypropyl-glucosinolate	Glucosinolate	LocusPC_744(LOD 17.0);LocusNC_707(LOD 34.3);LocusNC_708(LOD 14.5);LocusNC_959(LOD 17.2)	True	True	0.201	LocusPS_552(LOD 29.4);LocusPS_763(LOD 14.9);LocusPS_764(LOD 8.7);LocusNS_647(LOD 35.1);LocusNS_648(LOD 9.9);LocusNS_881(LOD 16.8)	True	True	0.216
3-hydroxypropyl GS	positive		AT5G20080-AT5G27270	AT5G17550-AT5G26620	3-hydroxypropyl-glucosinolate	Glucosinolate	LocusPC_744(LOD 17.0);LocusNC_707(LOD 34.3);LocusNC_708(LOD 14.5);LocusNC_959(LOD 17.2)	True	True	0.261	LocusPS_552(LOD 29.4);LocusPS_763(LOD 14.9);LocusPS_764(LOD 8.7);LocusNS_647(LOD 35.1);LocusNS_648(LOD 9.9);LocusNS_881(LOD 16.8)	True	True	0.183
3-methylthiopropyl GS	positive	AT5G15540-AT5G25160	AT5G20080-AT5G27270		3-methylthiopropyl-glucosinolate	Glucosinolate	LocusNC_959(LOD 17.2)	True	False	0.091	LocusNS_881(LOD 16.8)	True	False	0.053
4-methylthiobutyl GS	positive	AT5G15540-AT5G25160	AT5G20080-AT5G27270	AT5G17550-AT5G26620	4-methylthiobutyl glucosinolate	Glucosinolate	LocusNC_959(LOD 17.2);LocusNC_960(LOD 8.4)	True	True	0.174	LocusNS_881(LOD 16.8)	True	True	0.053
5-methylthiopentyl GS	positive	AT5G15540-AT5G25160	AT5G20080-AT5G27270		5-methylthiopentylglucosinolate	Glucosinolate	LocusNC_959(LOD 17.2);LocusNC_960(LOD 8.4)	True	False	0.174	LocusNS_881(LOD 16.8)	True	False	0.053
5-methylthiopentyl GS	positive	AT4G00005-AT4G03795	AT4G00970-AT4G03795		5-methylthiopentylglucosinolate	Glucosinolate	LocusNC_959(LOD 17.2);LocusNC_960(LOD 8.4)	False	False	0.123	LocusNS_881(LOD 16.8)	False	False	0.046
6-methylthiohexyl GS	positive	AT5G15540-AT5G25160	AT5G20080-AT5G27270	AT5G17550-AT5G26620	6-methylthiohexylglucosinolate	Glucosinolate	LocusNC_959(LOD 17.2)	True	True	0.091	LocusNS_881(LOD 16.8)	True	True	0.053
7-methylthioheptyl GS	positive	AT5G15540-AT5G25160		AT5G17550-AT5G26620	7-methylthioheptyl glucosinolate	Glucosinolate	LocusPC_533(LOD 26.4);LocusPC_744(LOD 17.0);LocusNC_959(LOD 17.2)	True	True	0.249	LocusNS_881(LOD 16.8)	True	True	0.053
3-benzoyloxypropyl GS	positive	AT5G06180-AT5G15530	AT5G06180-AT5G13170											
3-benzoyloxypropyl GS	positive	AT5G15540-AT5G25160	AT5G20080-AT5G27270											
4-benzoyloxybutyl GS	positive	AT5G15540-AT5G25160	AT5G20080-AT5G27270		4-benzoyloxybutylglucosinolate	Glucosinolate		False	False	0.0		False	False	0.0
4-benzoyloxybutyl GS	positive	AT4G00005-AT4G03795	AT4G00970-AT4G03795		4-benzoyloxybutylglucosinolate	Glucosinolate		False	False	0.0		False	False	0.0
6-benzoyloxyhexyl GS	positive	AT4G00005-AT4G03795	AT4G00970-AT4G03795											
2-hydroxy-3-butenyl GS	positive	AT4G00970-AT4G03795	AT4G00005-AT4G03770											
4-pentenyl GS	positive	AT4G00005-AT4G03795	AT4G00970-AT4G03795	AT4G00005-AT4G03770	4-pentenylglucosinolate	Glucosinolate	LocusNC_707(LOD 34.3);LocusNC_708(LOD 14.5)	True	True	0.123	LocusNS_647(LOD 35.1);LocusNS_648(LOD 9.9)	True	True	0.091
kaempferol 3-O-rhamnoside-7-O-rhamnoside	positive	AT5G06180-AT5G15530	AT5G06180-AT5G13170											
kaempferol 3-O-glucoside-7-O-rhamnoside	positive	AT5G15700-AT5G17540	AT5G15710-AT5G17540											
quercetin 3-O-rhamnoside-7-O-rhamnoside	positive	AT5G06180-AT5G15530	AT5G06180-AT5G13170											
4-hexosyloxybenzoylcholine	positive	AT4G09316-AT4G09810	AT4G09316-AT4G09810											
3-butenyl GS	positive	AT4G00970-AT4G03795	AT4G00005-AT4G03770		3-butenylglucosinolate	Glucosinolate	LocusPC_533(LOD 26.4);LocusPC_744(LOD 17.0);LocusNC_707(LOD 34.3);LocusNC_708(LOD 14.5);LocusNC_959(LOD 17.2)	True	False	0.28	LocusPS_552(LOD 29.4);LocusPS_763(LOD 14.9);LocusNS_647(LOD 35.1)	True	False	0.133
(epi)catechin-hexose(isomer 1)	positive	AT4G31460-AT4G3285	AT4G30470-AT4G32212											
(epi)catechin-hexose(isomer 1)	positive	AT4G03800-AT4G05610	AT4G03800-AT4G05595											
sinapoylcholine,  sinapoylcholine dimer  (isomer 2)	positive	AT4G13256-AT4G16890	AT4G09820-AT4G16892											
