region	chrom	bp_start	bp_end	conditions	modes	best_lod	n_traits	loci
WuR001	1	187211	213041	stress	negative	8.368	1	LocusNS_2
WuR002	1	232841	295040	stress	negative	10.642	2	LocusNS_3
WuR003	1	996115	1049297	control	negative+positive	11.139	2	LocusPC_6;LocusNC_11
WuR004	1	1955413	2120745	control+stress	negative	14.003	6	LocusNC_17;LocusNS_16
WuR005	1	2942564	2987393	stress	negative	8.166	4	LocusNS_22
WuR006	1	3041996	3102925	control+stress	negative+positive	20.154	36	LocusPC_19;LocusNC_23;LocusPS_21;LocusNS_23
WuR007	1	3265976	3333470	stress	negative	8.092	9	LocusNS_25
WuR008	1	4788559	4877248	control+stress	negative+positive	14.669	11	LocusNC_37;LocusNS_40;LocusPS_36
WuR009	1	5543152	5630995	control+stress	negative	10.743	10	LocusNC_44;LocusNS_45
WuR010	1	5673795	5727312	control	negative	9.051	6	LocusNC_45
WuR011	1	7078898	7149977	control+stress	negative+positive	10.441	8	LocusPC_50;LocusNC_57;LocusPS_59;LocusNS_60
WuR012	1	7366775	7412857	stress	negative+positive	8.672	9	LocusPS_63;LocusNS_61
WuR013	1	7892878	7940592	control+stress	negative+positive	11.759	20	LocusNC_64;LocusNS_67;LocusPC_60;LocusPS_68
WuR014	1	9327156	9352761	stress	negative	8.312	2	LocusNS_75
WuR015	1	9364471	9383984	stress	negative	9.851	4	LocusNS_76
WuR016	1	10571340	10589760	stress	positive	8.184	3	LocusPS_94
WuR017	1	10779171	10835538	stress	negative+positive	11.88	55	LocusPS_95;LocusNS_87
WuR018	1	17095980	17176821	control+stress	negative+positive	10.541	17	LocusNS_128;LocusPC_109;LocusPS_133;LocusPS_134;LocusNS_129
WuR019	1	19035755	19069776	control+stress	positive	16.115	7	LocusPC_121;LocusPS_150
WuR020	1	19323382	19345112	stress	negative	8.48	1	LocusNS_150
WuR021	1	21919745	21945221	stress	negative+positive	8.304	14	LocusPS_171;LocusNS_172
WuR022	1	21968071	21972411	stress	negative+positive	11.58	13	LocusPS_172;LocusNS_173
WuR023	1	22053951	22105125	stress	negative	8.132	6	LocusNS_175
WuR024	1	22139184	22301343	control+stress	negative+positive	24.792	137	LocusPS_175;LocusNS_176;LocusPC_143;LocusNC_186
WuR025	1	22948757	23020685	control+stress	positive	13.383	7	LocusPS_184;LocusPC_152
WuR026	1	25734182	25756076	stress	negative	8.055	1	LocusNS_216
WuR027	1	26818083	26854396	stress	positive	9.538	3	LocusPS_218
WuR028	1	27855699	27940190	stress	negative	9.012	4	LocusNS_235
WuR029	1	28661884	28747845	control	negative	11.074	2	LocusNC_254
WuR030	1	29601253	29625078	control	negative	11.439	2	LocusNC_261
WuR031	1	29625659	29688673	control+stress	negative+positive	10.249	7	LocusNC_262;LocusNS_249;LocusPS_235
WuR032	1	29736016	29760704	control	negative	11.412	1	LocusNC_263
WuR033	2	306385	389918	control	positive	8.606	10	LocusPC_211
WuR034	2	749919	784646	stress	positive	8.598	1	LocusPS_249
WuR035	2	7285736	7347408	control+stress	negative	16.126	31	LocusNC_342;LocusNS_300
WuR036	2	7634274	7699568	stress	positive	10.713	1	LocusPS_282
WuR037	2	9457810	9548566	control+stress	positive	9.524	17	LocusPC_273;LocusPS_292
WuR038	2	9553803	9610595	control+stress	negative+positive	10.828	27	LocusPS_293;LocusPC_274;LocusNC_365;LocusNS_320
WuR039	2	9645313	9932319	control+stress	negative+positive	23.064	102	LocusPC_276;LocusNC_366;LocusPS_295;LocusNS_322
WuR040	2	9937998	10036000	control+stress	negative+positive	13.773	72	LocusPC_277;LocusNC_367;LocusPS_296;LocusNS_323
WuR041	2	10042199	10155647	control+stress	negative+positive	9.867	14	LocusPC_278;LocusPS_297;LocusNS_324
WuR042	2	10156201	10197610	stress	positive	9.591	6	LocusPS_298
WuR043	2	10201104	10243614	stress	positive	8.97	3	LocusPS_299
WuR044	2	10899443	10955377	control+stress	negative	8.831	11	LocusNC_383;LocusNS_341
WuR045	2	14239213	14295271	stress	positive	9.068	1	LocusPS_344
WuR046	2	14639323	14716634	control+stress	negative	12.411	2	LocusNC_413;LocusNS_368
WuR047	2	16103311	16177663	stress	positive	14.345	4	LocusPS_352
WuR048	2	16291477	16336210	stress	negative	8.068	2	LocusNS_381
WuR049	2	18782325	18931934	control+stress	negative+positive	18.948	32	LocusNS_400;LocusNC_441;LocusPS_367
WuR050	3	307782	333022	stress	negative	8.569	1	LocusNS_406
WuR051	3	337965	386538	stress	negative	11.281	2	LocusNS_407
WuR052	3	755159	876800	control+stress	negative+positive	10.247	47	LocusPS_377;LocusNS_411;LocusPC_342;LocusNC_462
WuR053	3	3239180	3256439	control+stress	negative+positive	13.407	6	LocusNC_473;LocusPS_389;LocusNS_435
WuR054	3	4831288	5029710	control+stress	positive	16.404	32	LocusPC_364;LocusPS_403;LocusPC_365
WuR055	3	5030216	5104140	control	positive	9.245	4	LocusPC_366
WuR056	3	6815613	6882315	control	positive	8.375	1	LocusPC_383
WuR057	3	7425519	7482070	stress	negative	9.359	7	LocusNS_477
WuR058	3	7591483	7693939	control+stress	negative+positive	30.17	59	LocusPS_424;LocusNS_480;LocusPC_389;LocusNC_518
WuR059	3	7887286	7941564	control	negative	8.205	4	LocusNC_521
WuR060	3	12677228	12711435	control	negative	8.216	3	LocusNC_586
WuR061	3	13424905	13462417	control	negative	10.121	5	LocusNC_593
WuR062	3	15493460	15584429	control+stress	negative	8.535	6	LocusNS_563;LocusNC_614
WuR063	3	19819210	19867134	stress	negative	9.631	5	LocusNS_605
WuR064	3	20578978	20745083	control+stress	negative	12.141	30	LocusNS_610;LocusNC_667
WuR065	3	22298578	22348239	control	negative	8.256	6	LocusNC_685
WuR066	3	23185348	23242251	control+stress	negative+positive	16.308	23	LocusPS_540;LocusNS_630;LocusNC_691
WuR067	4	349116	377908	control+stress	negative	9.418	7	LocusNC_696;LocusNS_636
WuR068	4	1159667	1456751	control+stress	negative+positive	35.07	362	LocusNC_707;LocusPS_552;LocusPC_533;LocusNS_647
WuR069	4	1457798	1624141	control+stress	negative+positive	14.53	92	LocusPC_534;LocusNC_708;LocusPS_553;LocusNS_648;LocusPS_554;LocusNC_709;LocusPC_535;LocusPS_555
WuR070	4	2718170	2758275	control	positive	8.447	1	LocusPC_544
WuR071	4	6010997	6052335	control+stress	negative	15.967	10	LocusNC_738;LocusNS_687
WuR072	4	6371377	6425661	stress	positive	8.106	6	LocusPS_593
WuR073	4	6557177	6682462	control	positive	23.397	2	LocusPC_562
WuR074	4	7254049	7380151	control+stress	negative+positive	21.245	51	LocusNC_759;LocusPS_605;LocusPC_569;LocusNS_704;LocusPS_606
WuR075	4	8817031	8879327	control+stress	negative	9.302	8	LocusNC_771;LocusNS_721
WuR076	4	9372477	9437168	control+stress	negative+positive	22.398	50	LocusNC_778;LocusPS_622;LocusNS_727;LocusPS_623;LocusNS_728
WuR077	4	10145919	10247372	control+stress	negative+positive	10.608	19	LocusPS_628;LocusNS_737;LocusPC_602;LocusNS_738
WuR078	4	10961612	11044799	control+stress	positive	8.721	3	LocusPC_615;LocusPS_633
WuR079	4	11103377	11180799	control+stress	positive	18.577	5	LocusPS_635;LocusPC_616
WuR080	4	12054455	12090575	stress	positive	8.106	2	LocusPS_643
WuR081	4	13718679	13780954	control+stress	negative+positive	11.733	104	LocusNC_827;LocusPS_654;LocusNS_765
WuR082	4	14090489	14279984	control+stress	negative+positive	18.982	7	LocusPC_639;LocusPS_658;LocusNS_769
WuR083	4	14512549	14555167	stress	negative+positive	9.103	3	LocusPS_661;LocusNS_772
WuR084	4	15959962	16037634	stress	negative+positive	10.586	6	LocusPS_668;LocusNS_778
WuR085	4	16698320	16718017	control+stress	negative+positive	10.304	3	LocusPC_662;LocusPS_675;LocusNS_784
WuR086	4	17524461	17640665	control+stress	negative+positive	19.298	100	LocusPC_669;LocusNS_794;LocusPS_686;LocusNC_851;LocusPS_687
WuR087	4	17872740	17975100	control+stress	negative	14.253	9	LocusNC_856;LocusNS_798
WuR088	4	18306238	18374204	control	positive	9.684	7	LocusPC_675
WuR089	5	767489	950171	control+stress	negative+positive	19.126	75	LocusNC_876;LocusNS_814;LocusPC_686;LocusPS_703
WuR090	5	1129852	1240517	control+stress	negative	14.089	12	LocusNS_818;LocusNC_881
WuR091	5	1241555	1263862	control+stress	negative	10.053	8	LocusNC_882;LocusNS_819
WuR092	5	1585297	1663929	control+stress	positive	16.391	7	LocusPS_709;LocusPC_694
WuR093	5	1664134	1831467	control+stress	negative+positive	28.073	21	LocusPC_695;LocusPS_710;LocusNS_824;LocusPS_711;LocusPC_696
WuR094	5	2430146	2473657	stress	negative	10.537	3	LocusNS_830
WuR095	5	3803336	3852417	stress	positive	8.521	4	LocusPS_730
WuR096	5	5431681	5707637	control+stress	negative+positive	26.442	27	LocusNS_862;LocusPC_723;LocusNC_930;LocusPS_740;LocusPS_741
WuR097	5	6709734	6786664	control	negative	8.653	17	LocusNC_944
WuR098	5	7383629	7410102	control+stress	negative+positive	9.786	75	LocusNC_956;LocusPC_742;LocusPS_761
WuR099	5	7515217	8006630	control+stress	negative+positive	17.165	630	LocusPC_744;LocusNC_959;LocusPS_763;LocusNS_881;LocusNC_960;LocusPC_745;LocusPS_764;LocusNC_961;LocusPS_765
WuR100	5	9974411	10147542	control+stress	negative+positive	27.283	32	LocusNC_988;LocusPS_787;LocusPC_773;LocusNS_900
WuR101	5	15090286	15204265	control+stress	negative+positive	11.984	26	LocusPC_796;LocusNC_1018;LocusPS_819;LocusNS_927;LocusPS_820;LocusNS_929
WuR102	5	17148923	17214220	stress	negative	11.15	4	LocusNS_950
WuR103	5	17416074	17473591	control+stress	positive	9.843	11	LocusPC_818;LocusPS_846
WuR104	5	17656911	17748396	control+stress	negative+positive	13.731	18	LocusPC_819;LocusPS_849;LocusNS_959;LocusNC_1051
WuR105	5	17918739	17941292	stress	negative	9.6	1	LocusNS_961
WuR106	5	18160290	18193207	stress	negative	8.039	2	LocusNS_963
WuR107	5	18801218	18867013	stress	negative	8.002	1	LocusNS_973
WuR108	5	21831518	21854117	control	positive	8.074	21	LocusPC_841
WuR109	5	21860997	21927243	control+stress	negative+positive	10.64	90	LocusNS_992;LocusNC_1098;LocusPC_843
WuR110	5	21928847	22096079	control+stress	negative+positive	24.335	157	LocusPC_844;LocusNC_1099;LocusPS_881;LocusNS_993
WuR111	5	23135525	23206659	control	negative+positive	9.675	34	LocusPC_852;LocusNC_1111
WuR112	5	24515398	24721940	control+stress	negative+positive	22.092	64	LocusNC_1127;LocusNS_1011;LocusPC_862;LocusNC_1128;LocusPS_900;LocusNS_1012
WuR113	5	25423984	25486062	control+stress	negative+positive	11.146	89	LocusNC_1136;LocusNS_1022;LocusPC_868
