metabolite,feature (rep. 1),feature (rep. 2),LOD (rep. 1),locus (rep. 1),LOD (rep. 2),locus (rep. 2),LOD (leaf),locus (leaf),mode
3-methylsulfinylpropyl GS,Cluster_26519,Cluster_051339,5.59,AT5G15540-AT5G25160,5.34,AT5G17560-AT5G22590,5.39,AT5G22600-AT5G24530,negative
4-methylsulfinylbutyl GS,Cluster_27139,Cluster_053358,8.6,AT5G15540-AT5G25160,18.26,AT5G22600-AT5G25180,5.4,AT5G24557-AT5G25160,negative
4-methylsulfinylbutyl GS,Cluster_27139,Cluster_053358,8.6,AT5G15540-AT5G25160,7.25,AT5G17560-AT5G22590,9.39,AT5G22600-AT5G24530,negative
4-methylsulfinylbutyl GS,Cluster_27139,Cluster_053358,6.34,AT4G00005-AT4G03770,5.63,AT4G00180-AT4G03695,5.6,AT4G01960-AT4G03760,negative
5-methylsulfinylpentyl GS,Cluster_27723,Cluster_055415,6.67,AT5G15540-AT5G25160,,,20.83,AT5G22600-AT5G24530,negative
5-methylsulfinylpentyl GS,Cluster_27723,Cluster_055415,6.67,AT5G15540-AT5G25160,,,8.4,AT5G17550-AT5G22490,negative
6-methylsulfinylhexyl GS,Cluster_28387,Cluster_057362,,,12.65,AT5G22600-AT5G25180,19.28,AT5G22600-AT5G24530,negative
7-methylsulfinylheptyl GS,Cluster_29158,Cluster_059324 ,6.38,AT5G15540-AT5G25160,8.41,AT5G22600-AT5G25180,13.67,AT5G22600-AT5G24530,negative
8-methylsulfinyloctyl GS ,Cluster_29750,Cluster_061218,7.15,AT5G15540-AT5G25160,6.96,AT5G22600-AT5G25180,5.72,AT5G22600-AT5G24530,negative
3-hydroxypropyl GS,Cluster_24564,Cluster_044614,16.35 ,AT5G15540-AT5G25160,15.39,AT5G22600-AT5G25180,10.0,AT5G22600-AT5G24530,negative
3-hydroxypropyl GS,Cluster_24564,Cluster_044614,16.35,AT5G15540-AT5G25160,15.39,AT5G22600-AT5G25180,6.28,AT5G17550-AT5G22490,negative
3-hydroxypropyl GS,Cluster_24564,Cluster_044614,11.01,AT4G00005-AT4G03770,11.22,AT4G00180-AT4G03695,32.92,AT4G01960-AT4G03760,negative
3-hydroxypropyl GS,Cluster_24564,Cluster_044614,5.42,AT5G38005-AT5G39095,5.68,AT5G38005-AT5G39160,,,negative
4-hydroxybutyl GS,Cluster_25248,Cluster_046712 ,9.77,AT5G15540-AT5G25160,8.32,AT5G22600-AT5G25180,,,negative
3-methylthiopropyl GS,Cluster_25869,Cluster_049033 ,8.83,AT5G15540-AT5G25160,12.56,AT5G22600-AT5G25180,5.74,AT5G22600-AT5G24530,negative
4-methylthiobutyl GS,Cluster_26400,Cluster_051010,20.66,AT5G15540-AT5G25160,20.57,AT5G22600-AT5G25180,7.91,AT5G22600-AT5G24530,negative
4-methylthiobutyl GS,Cluster_26400,Cluster_051010,20.66,AT5G15540-AT5G25160,7.63,AT5G17560-AT5G22590,7.91,AT5G22600-AT5G24530,negative
5-methylthiopentyl GS,Cluster_27077,Cluster_053100,19.56,AT5G15540-AT5G25160,7.39,AT5G22600-AT5G25180,9.06,AT5G22600-AT5G24530,negative
5-methylthiopentyl GS,Cluster_27077,Cluster_053100,19.56,AT5G15540-AT5G25160,20.84,AT5G17560-AT5G22590,,,negative
5-methylthiopentyl GS,Cluster_27077,Cluster_053100,7.95,AT4G00005-AT4G03770,8.83 ,AT4G00180-AT4G03695,,,negative
7-methylthioheptyl GS,Cluster_28299,Cluster_057117 ,9.22,AT5G15540-AT5G25160,8.85,AT5G22600-AT5G25180,,,negative
8-methylthiooctyl GS,Cluster_29064,Cluster_059059 ,10.01 ,AT5G15540-AT5G25160,7.23,AT5G17560-AT5G22590,,,negative
1-methoxy-3-indolylmethyl GS,Cluster_29119,Cluster_059172 ,13.32,AT4G35280-AT4G37790,12.37,AT4G36640-AT4G37950,6.01,AT4G35280-AT4G36610,negative
3-benzoyloxypropyl GS,Cluster_29269,Cluster_059592 ,15.73,AT5G15540-AT5G25160,13.8,AT5G22600-AT5G25180,,,negative
4-benzoyloxybutyl GS,Cluster_29899,Cluster_061425 ,19.75,AT5G15540-AT5G25160,6.96,AT5G17560-AT5G22590,11.33,AT5G22600-AT5G24530,negative
5-benzoyloxypentyl GS,Cluster_30574,Cluster_063305,13.75,AT4G00005-AT4G03770,13.15,AT4G00180-AT4G03695,,,negative
5-benzoyloxypentyl GS,Cluster_30574,Cluster_063305,6.93,AT5G15540-AT5G25160,6.53,AT5G22600-AT5G25180,,,negative
6-benzoyloxyhexyl GS,Cluster_31267,Cluster_065294 ,21.84,AT4G00005-AT4G03770,21.38,AT4G00180-AT4G03695,,,negative
3-sinapoyloxypropyl GS,Cluster_34455,Cluster_073649,13.68,AT5G15540-AT5G25160,11.42,AT5G22600-AT5G25180,,,negative
3-sinapoyloxypropyl GS,Cluster_34455,Cluster_073649,5.39,AT1G10585-AT1G12420,5.62,AT1G09860-AT1G11590,,,negative
4-sinapoyloxybutyl GS,Cluster_02069,Cluster_005378 ,5.54,AT5G22600-AT5G25180,5.41,AT5G22600-AT5G24530,,,negative
4-sinapoyloxybutyl GS,Cluster_02069,Cluster_005378 ,5.79,AT4G00180-AT4G03695,5.44,AT4G01960-AT4G03760,,,negative
2-hydroxy-3-butenyl GS,Cluster_25147,Cluster_046383 ,14.56,AT4G00005-AT4G03770,17.53,AT4G00180-AT4G03695,5.41,AT4G01960-AT4G03760,negative
3-butenyl GS,Cluster_24449,Cluster_044042,24.38,AT4G00005-AT4G03770,18.87,AT4G00180-AT4G03695,17.32,AT4G01960-AT4G03760,negative
3-butenyl GS,Cluster_24449,Cluster_044042,5.34,AT5G15540-AT5G25160,,,6.12,AT5G22600-AT5G24530,negative
3-butenyl GS ,Cluster_24450,Cluster_044042 ,10.95,AT4G00005-AT4G03770,18.87,AT4G00180-AT4G03695,17.32,AT4G01960-AT4G03760,negative
sinapoylglucose (isomer 1),Cluster_25003,Cluster_045960 ,6.12,AT5G15540-AT5G25160,5.87,AT5G17560-AT5G22590,,,negative
quercetin deoxyhexoside,Cluster_27567,Cluster_054953 ,9.29,AT5G39185-AT5G48790,11.16,AT5G47690-AT5G48790,,,negative
4-methylsulfinylbutyl GS,Cluster_58276,"Cluster_037978

",10.0,AT5G15540-AT5G25160,8.3,AT5G20080-AT5G27270,7.77,AT5G17550-AT5G26620,positive
4-methylsulfinylbutyl GS,Cluster_58276,"Cluster_037978

",,,6.07,AT4G00970-AT4G03795,7.7,AT4G00005-AT4G03770,positive
5-methylsulfinylpentyl GS ,Cluster_59146,Cluster_039046 ,16.37,AT5G15540-AT5G25160,,,13.69,AT5G17550-AT5G26620,positive
6-methylsulfinylhexyl GS,Cluster_16906,Cluster_132321 ,5.99,AT5G25170-AT5G27270,16.61,AT5G20080-AT5G27270,15.2,AT5G17550-AT5G26620,positive
7-methylsulfinylheptyl GS,Cluster_58540,Cluster_128493 ,7.91,AT5G15540-AT5G25160,8.82,AT5G20080-AT5G27270,13.53,AT5G17550-AT5G26620,positive
3-hydroxypropyl GS,Cluster_50604,Cluster_110301,,,13.55,AT4G00970-AT4G03795,33.85,AT4G00005-AT4G03770,positive
3-hydroxypropyl GS,Cluster_50604,Cluster_110301,,,16.27,AT5G20080-AT5G27270,7.87,AT5G17550-AT5G26620,positive
3-methylthiopropyl GS,Cluster_14771,Cluster_035729 ,9.02,AT5G15540-AT5G25160,7.05,AT5G20080-AT5G27270,,,positive
4-methylthiobutyl GS,Cluster_54202,Cluster_118543 ,7.66,AT5G15540-AT5G25160,15,AT5G20080-AT5G27270,10.37,AT5G17550-AT5G26620,positive
5-methylthiopentyl GS,Cluster_55314,Cluster_121075,10.89,AT5G15540-AT5G25160,7.67,AT5G20080-AT5G27270,,,positive
5-methylthiopentyl GS,Cluster_55314,Cluster_121075,6.55,AT4G00005-AT4G03795,10.06,AT4G00970-AT4G03795,,,positive
6-methylthiohexyl GS,Cluster_56439,Cluster_123528 ,17.29,AT5G15540-AT5G25160,20.68,AT5G20080-AT5G27270,5.62,AT5G17550-AT5G26620,positive
7-methylthioheptyl GS ,Cluster_57450,Cluster_037107,10.07,AT5G15540-AT5G25160,,,5.72,AT5G17550-AT5G26620,positive
3-benzoyloxypropyl GS,Cluster_58658,Cluster_128827,6.47,AT5G06180-AT5G15530,5.9,AT5G06180-AT5G13170,,,positive
3-benzoyloxypropyl GS,Cluster_58658,Cluster_128827,8.71,AT5G15540-AT5G25160,8.42,AT5G20080-AT5G27270,,,positive
4-benzoyloxybutyl GS,Cluster_59534,Cluster_131099,10.36,AT5G15540-AT5G25160,17.86,AT5G20080-AT5G27270,,,positive
4-benzoyloxybutyl GS,Cluster_59534,Cluster_131099,5.79,AT4G00005-AT4G03795,11.12,AT4G00970-AT4G03795,,,positive
6-benzoyloxyhexyl GS,Cluster_57603,Cluster_126252 ,11.42,AT4G00005-AT4G03795,8.36,AT4G00970-AT4G03795,,,positive
2-hydroxy-3-butenyl GS,Cluster_14009,Cluster_034345 ,17.17,AT4G00970-AT4G03795,10.04,AT4G00005-AT4G03770,,,positive
4-pentenyl GS,Cluster_13909,Cluster_034212 ,17.95,AT4G00005-AT4G03795,21.53,AT4G00970-AT4G03795,6.22,AT4G00005-AT4G03770,positive
kaempferol 3-O-rhamnoside-7-O-rhamnoside ,Cluster_64812,Cluster_144080 ,8.87,AT5G06180-AT5G15530,7.88 ,AT5G06180-AT5G13170,,,positive
kaempferol 3-O-glucoside-7-O-rhamnoside,Cluster_65623,Cluster_146143 ,26.03,AT5G15700-AT5G17540,19.66,AT5G15710-AT5G17540,,,positive
quercetin 3-O-rhamnoside-7-O-rhamnoside,Cluster_65624,Cluster_146144 ,6.22,AT5G06180-AT5G15530,7.85,AT5G06180-AT5G13170,,,positive
4-hexosyloxybenzoylcholine,Cluster_51292,Cluster_111920 ,13.91,AT4G09316-AT4G09810,9.36 ,AT4G09316-AT4G09810,,,positive
3-butenyl GS,Cluster_13321,Cluster_032959 ,28.73,AT4G00970-AT4G03795,18.53,AT4G00005-AT4G03770,,,positive
(epi)catechin-hexose(isomer 1),Cluster_56647,Cluster_124069,9.15,AT4G31460-AT4G3285,6.47 ,AT4G30470-AT4G32212,,,positive
(epi)catechin-hexose(isomer 1),Cluster_56647,Cluster_124069,5.96,AT4G03800-AT4G05610,5.58,AT4G03800-AT4G05595,,,positive
"sinapoylcholine,  sinapoylcholine dimer  (isomer 2)",Cluster_39369,Cluster_084189 ,5.45,AT4G13256-AT4G16890,6.52,AT4G09820-AT4G16892,,,positive
