no,accession,abrc,accession_name
1,ecotype.7479,CS28610,PHW-10
2,ecotype.7098,CS28208,Di-1
3,ecotype.7178,CS28373,Jm-1
4,ecotype.7158,CS28326,Gr-5
5,ecotype.7258,CS28573,Nw-0
6,ecotype.7135,CS28268,Fr-4
7,ecotype.7166,CS28344,Hey-1
8,ecotype.7094,CS28200,Da-0
9,ecotype.7139,CS28252,Fi-1
10,ecotype.7164,CS28343,Hau-0
11,ecotype.7128,CS28243,Est-0
12,ecotype.8387,CS76231,St-0
13,ecotype.7296,CS76211,Petergof
14,ecotype.8351,CS76202,Ost-0
15,ecotype.8374,CS76222,Rsch-4
16,ecotype.6008,CS76124,Duk
17,ecotype.6916,CS76127,Est-1
18,ecotype.6911,CS76116,Cvi-0
19,ecotype.6906,CS76106,C24
20,ecotype.7378,CS28787,Uk-1
21,ecotype.7331,CS28734,Sh-0
22,ecotype.6709,CS76096,Bg2
23,ecotype.7411,CS28822,Wl-0
24,ecotype.8422,CS76130,Fja1-1
25,ecotype.7405,CS28814,Wc-2
26,ecotype.7351,CS28786,Ty-0
27,ecotype.6909,CS76113,Col-0
28,ecotype.7477,CS28812,WAR
29,ecotype.8692,CS76085,328PNA054
30,ecotype.8311,CS76147,In-0
31,ecotype.374,CS76262,TOU-H-13
32,ecotype.5805,CS76270,UKID101
33,ecotype.126,CS76162,LDV-34
34,ecotype.7424,CS28369,Jl-3
35,ecotype.6958,CS76216,Ra-0
36,ecotype.6448,CS76307,ZdrI2-24
37,ecotype.7520,CS76176,Lp2-2
38,ecotype.7525,CS76220,Rmx-A180
39,ecotype.7000,CS28007,Aa-0
40,ecotype.6449,CS76308,ZdrI2-25
41,ecotype.7145,CS28277,Ge-1
42,ecotype.7255,CS28492,Mh-0
43,ecotype.7379,CS28788,Uk-2
44,ecotype.5232,CS76288,UKSE06-466
45,ecotype.7306,CS28650,Pog-0
46,ecotype.4802,CS76292,UKSW06-202
47,ecotype.8283,CS76117,Dra3-1
48,ecotype.6918,CS76128,Fab-4
49,ecotype.7430,CS28527,Nc-1
50,ecotype.7449,CS28513,N7
51,ecotype.6730,CS28142,CIBC5
52,ecotype.7080,CS28165,Co-4
53,ecotype.7231,CS28461,Li-7
54,ecotype.7270,CS28568,Nok-1
55,ecotype.7260,CS28575,Nw-2
56,ecotype.6810,CS28407,Knox-11
57,ecotype.6939,CS76192,Mt-0
58,ecotype.8376,CS76223,Sanna-2
59,ecotype.8239,CS76155,PHW-3
60,ecotype.2150,CS76208,Paw-3
61,ecotype.6936,CS76179,Lz-0
62,ecotype.6942,CS76197,Nd-1
63,ecotype.8314,CS76149,Ka-0
64,ecotype.8274,CS76109,Can-0
65,ecotype.8796,CS76084,11PNA4.101
66,ecotype.7372,CS28779,Tscha-1
67,ecotype.6905,CS76105,Bur-0
68,ecotype.5565,CS76277,UKNW06-386
69,ecotype.6973,CS76293,Ull2-3
70,ecotype.7011,CS28063,Be-1
71,ecotype.6944,CS76199,NFA-8
72,ecotype.116,CS76161,LDV-25
73,ecotype.7310,CS28651,Pr-0
74,ecotype.5380,CS76275,UKNW06-059
75,ecotype.5606,CS76278,UKNW06-436
76,ecotype.6926,CS76153,Kin-0
77,ecotype.7490,CS28620,PHW-20
78,ecotype.7507,CS28636,PHW-36
79,ecotype.957,CS76095,Belmonte-4-94
80,ecotype.2057,CS76180,Map-42
81,ecotype.6983,CS76305,Yo-0
82,ecotype.2290,CS76232,Ste-3
83,ecotype.7105,CS28214,Dra-2
84,ecotype.7110,CS28217,Ede-1
85,ecotype.390,CS76299,VOU-1
86,ecotype.7446,CS28510,N4
87,ecotype.6921,CS76136,Goettingen-7
88,ecotype.7504,CS28633,PHW-33
89,ecotype.7344,CS28732,Sg-1
90,ecotype.6967,CS76230,Sq-8
91,ecotype.5116,CS76282,UKSE06-272
92,ecotype.7035,CS28090,Blh-2
93,ecotype.1967,CS76186,MNF-Jac-32
94,ecotype.5158,CS76284,UKSE06-349
95,ecotype.7102,CS28210,Do-0
96,ecotype.8306,CS76142,Hov4-1
97,ecotype.173,CS76182,MIB-22
98,ecotype.223,CS76184,MIB-84
99,ecotype.6940,CS76193,Mz-0
100,ecotype.6188,CS76245,TDr-1
101,ecotype.8271,CS76103,Bu-0
102,ecotype.8240,CS76156,Kulturen-1
103,ecotype.8323,CS76159,Lc-0
104,ecotype.6937,CS76191,Mrk-0
105,ecotype.7408,CS28833,Wt-3
106,ecotype.8329,CS76173,Lm-2
107,ecotype.7508,CS28637,PHW-37
108,ecotype.178,CS76183,MIB-28
109,ecotype.6202,CS76246,TDr-17
110,ecotype.8213,CS76214,Pro-0
111,ecotype.8265,CS76098,Blh-1
112,ecotype.7397,CS28823,Ws
113,ecotype.7373,CS28780,Tsu-0
114,ecotype.8256,CS76093,Ba1-2
115,ecotype.366,CS76260,TOU-E-11
116,ecotype.281,CS76252,TOU-A1-115
117,ecotype.392,CS76300,VOU-2
118,ecotype.6243,CS76251,Tottarp-2
119,ecotype.362,CS76259,TOU-C-3
120,ecotype.5729,CS76271,UKID22
121,ecotype.6976,CS76296,Uod-7
122,ecotype.379,CS76264,TOU-I-2
123,ecotype.6990,CS28014,Amel-1
124,ecotype.6982,CS76304,Wt-5
125,ecotype.6985,CS76306,Zdr-6
126,ecotype.378,CS76263,TOU-I-17
127,ecotype.321,CS76255,TOU-A1-43
128,ecotype.7206,CS28420,Kro-0
129,ecotype.7244,CS28495,Mnz-0
130,ecotype.6943,CS76198,NFA-10
131,ecotype.7277,CS28580,Ob-1
132,ecotype.6977,CS76297,Van-0
133,ecotype.2274,CS76228,SLSP-30
134,ecotype.7307,CS28645,Pn-0
135,ecotype.7418,CS28847,Zu-1
136,ecotype.7291,CS28595,Pa-2
137,ecotype.242,CS76189,MOG-37
138,ecotype.8264,CS76097,Bla-1
139,ecotype.7498,CS28628,PHW-28
140,ecotype.7522,CS76190,Mr-0
141,ecotype.7391,CS28809,Wag-4
142,ecotype.5785,CS76274,UKID80
143,ecotype.6914,CS76126,Edi-0
144,ecotype.8297,CS76135,Ge-0
145,ecotype.373,CS76261,TOU-H-12
146,ecotype.8389,CS76242,Ta-0
147,ecotype.7188,CS28382,Kelsterbach -2
148,ecotype.7100,CS28202,Db-0
149,ecotype.7123,CS28236,Ep-0
150,ecotype.7275,CS28564,No-0
151,ecotype.7186,CS28395,Kn-0
152,ecotype.7150,CS28332,G-1
153,ecotype.7199,CS28394,Kl-5
154,ecotype.7496,CS28626,PHW-26
155,ecotype.6992,CS28018,Ang-0
156,ecotype.8420,CS76152,Kelsterbach -4
157,ecotype.6046,CS76175,Lov-5
158,ecotype.166,CS76181,MIB-15
159,ecotype.8326,CS76169,Lis-1
160,ecotype.104,CS76160,LDV-14
161,ecotype.6962,CS76227,Sha
162,ecotype.6194,CS76249,TDr-8
163,ecotype.8365,CS76217,Rak-2
164,ecotype.8304,CS76140,Hi-0
165,ecotype.7340,CS28725,Sav-0
166,ecotype.81,CS76115,CUR-3
167,ecotype.357,CS76258,TOU-A1-96
168,ecotype.7516,CS76298,Var2-1
169,ecotype.7078,CS28163,Co-2
170,ecotype.7151,CS28282,G”-0
171,ecotype.7482,CS28613,PHW-13
172,ecotype.7320,CS28692,Rou-0
173,ecotype.7069,CS28133,Cha-0
174,ecotype.7483,CS28614,PHW-14
175,ecotype.6989,CS28013,Alst-1
176,ecotype.6847,CS28550,NFC20
177,ecotype.6980,CS76303,Ws-0
178,ecotype.6727,CS28140,CIBC2
179,ecotype.7384,CS28800,Ven-1
180,ecotype.91,CS76148,JEA
181,ecotype.7181,CS28364,Je-0
182,ecotype.8231,CS76102,Bro1-6
183,ecotype.267,CS76221,ROM-1
184,ecotype.8222,CS76170,Lis-2
185,ecotype.7126,CS28241,Es-0
186,ecotype.7502,CS28631,PHW-31
187,ecotype.5160,CS76285,UKSE06-351
188,ecotype.7354,CS28759,Ting-1
189,ecotype.7252,CS28490,Mc-0
190,ecotype.1867,CS76188,MNF-Pot-68
191,ecotype.6169,CS76243,Tad01
192,ecotype.6119,CS76240,T620
193,ecotype.7227,CS28457,Li-5:2
194,ecotype.7518,CS76200,Omo2-1
195,ecotype.8430,CS76171,PHW-33
196,ecotype.6190,CS76248,TDr-3
197,ecotype.7229,CS28459,Li-6
198,ecotype.7282,CS28587,Or-0
199,ecotype.6946,CS76203,Oy-0
200,ecotype.8296,CS76134,Gd-1
201,ecotype.282,CS76253,TOU-A1-116
202,ecotype.7316,CS28685,Rhen-1
203,ecotype.6933,CS76172,LL-0
204,ecotype.8354,CS76210,Per-1
205,ecotype.8343,CS76195,Na-1
206,ecotype.6951,CS76215,Pu2-23
207,ecotype.8378,CS76224,Sap-0
208,ecotype.96,CS76158,LAC-5
209,ecotype.8335,CS76178,Lund
210,ecotype.5837,CS76099,Bor-1
211,ecotype.66,CS76108,CAM-61
212,ecotype.7343,CS28743,Sp-0
213,ecotype.7330,CS28724,Sapporo-0
214,ecotype.5987,CS76122,DraIV6-16
215,ecotype.6907,CS76111,CIBC17
216,ecotype.6898,CS76091,An-1
217,ecotype.7283,CS28848,Ors-1
218,ecotype.7284,CS28849,Ors-2
219,ecotype.6318,CS76269,UduI1-34
220,ecotype.5207,CS76287,UKSE06-429
221,ecotype.7141,CS28274,Ga-2
222,ecotype.7337,CS28739,Si-0
223,ecotype.6899,CS76094,Bay-0
224,ecotype.94,CS76157,LAC-3
225,ecotype.7062,CS28128,Ca-0
226,ecotype.8214,CS76139,Gy-0
227,ecotype.5896,CS76119,DraIV1-14
228,ecotype.6924,CS76144,HR5
229,ecotype.7092,CS28193,Com-1
230,ecotype.7492,CS28622,PHW-22
231,ecotype.8215,CS76129,Fei-0
232,ecotype.23,CS76107,CAM-16
233,ecotype.6903,CS76100,Bor-4
234,ecotype.5264,CS76290,UKSE06-520
235,ecotype.7353,CS28758,Tha-1
236,ecotype.6961,CS76226,Se-0
237,ecotype.1859,CS76187,MNF-Pot-48
238,ecotype.8353,CS76204,Pa-1
239,ecotype.259,CS76206,PAR-4
240,ecotype.5753,CS76273,UKID48
241,ecotype.7169,CS28345,Hh-0
242,ecotype.6994,CS28049,Ann-1
243,ecotype.5887,CS76120,DraIV1-5
244,ecotype.7438,CS76194,N13
245,ecotype.4997,CS76280,UKSE06-062
246,ecotype.8241,CS76166,Liarum
247,ecotype.7205,CS28423,Krot-2
248,ecotype.328,CS76256,TOU-A1-62
249,ecotype.7147,CS28280,Gie-0
250,ecotype.6932,CS76164,Ler-1
251,ecotype.6979,CS76301,Wei-0
252,ecotype.380,CS76265,TOU-I-6
253,ecotype.7014,CS28053,Ba-1
254,ecotype.6996,CS28017,An-2
255,ecotype.7031,CS28099,Bsch-0
256,ecotype.7002,CS28054,Baa-1
257,ecotype.7004,CS28097,Bs-2
258,ecotype.7333,CS28729,Sei-0
259,ecotype.8325,CS76168,Lip-0
260,ecotype.7201,CS28419,Kr-0
261,ecotype.7280,CS28583,Old-1
262,ecotype.7224,CS28454,Li-3
263,ecotype.7300,CS28640,Pla-0
264,ecotype.6953,CS28663,PUZ24
265,ecotype.6744,CS28181,Cold Spring Harbor Lab-5
266,ecotype.7460,CS28201,Da(1)-12
267,ecotype.258,CS76205,PAR-3
268,ecotype.7472,CS28720,S96
269,ecotype.8310,CS76145,Hs-0
270,ecotype.8300,CS76137,Gr-1
271,ecotype.7392,CS28810,Wag-5
272,ecotype.7394,CS28804,Wa-1
273,ecotype.6919,CS76133,Ga-0
274,ecotype.7355,CS28760,Tiv-1
275,ecotype.8235,CS76141,Hod
276,ecotype.8610,CS76083,11ME1.32
277,ecotype.8275,CS76110,Cen-0
278,ecotype.7346,CS28750,Ste-0
279,ecotype.7514,CS28713,RRS-7
280,ecotype.6005,CS76123,DraIV6-35
281,ecotype.6913,CS76125,Eden-2
282,ecotype.6959,CS76218,Rennes-1
283,ecotype.6988,CS76088,Alc-0
284,ecotype.7515,CS22689,RRS-10
285,ecotype.5245,CS76289,UKSE06-482
286,ecotype.8424,CS76150,Kas-2
287,ecotype.1716,CS76151,KBS-Mac-8
288,ecotype.5742,CS76272,UKID37
289,ecotype.260,CS76207,PAR-5
290,ecotype.7143,CS28279,Gel-1
291,ecotype.7165,CS28350,Hn-0
292,ecotype.383,CS76266,TOU-J-3
293,ecotype.8236,CS76146,HSm
294,ecotype.6042,CS76174,Lom1-1
295,ecotype.7163,CS28336,Ha-0
296,ecotype.6039,CS76143,Hovdala-2
297,ecotype.7382,CS28795,Utrecht
298,ecotype.7263,CS28578,Nz1
299,ecotype.7026,CS28091,Boot-1
300,ecotype.7071,CS28135,Chat-1
301,ecotype.641,CS76165,LI-OF-095
302,ecotype.6124,CS76241,T690
303,ecotype.7521,CS76177,Lp2-6
304,ecotype.8412,CS76225,Sav-1
305,ecotype.1,CS76089,ALL1-2
306,ecotype.386,CS76267,TOU-K-3
307,ecotype.2,CS76090,ALL1-3
308,ecotype.7008,CS28064,Benk-1
309,ecotype.1925,CS76185,MNF-Che-2
