metabolite	class	pathway_class	col0_percentile_control	col0_percentile_stress	wu_stress_median_delta	wu_stress_frac_up	wu_paired_n	gwas_locus_genes_tested	gwas_locus_genes_flight_median_log2fc	gwas_locus_genes_fdr05	pathway_genes_flight_median_log2fc	zhu_id	zhu_dark_median_delta	zhu_dark_frac_up
3-methylsulfinylpropyl-glucosinolate	Glucosinolate	Glucosinolate	90.5	82.7	-0.961	0.271	199.0	49	0.021	AT5G22690(+0.62);AT5G22730(+0.45);AT5G22940(+1.69);AT5G23130(+0.85);AT5G23210(+0.85)	-0.219			
4-methylsulfinylbutyl glucosinolate	Glucosinolate	Glucosinolate	95.3	94.1	-1.19	0.04	199.0	177	0.046	AT4G02770(-0.53);AT4G02890(-0.55);AT4G03110(+0.94);AT4G03190(+0.65);AT4G03205(+0.83);AT4G03210(+2.53);AT4G03220(+3.04);AT4G03390(+0.72);AT4G03430(+0.38);AT5G22690(+0.62);AT5G22730(+0.45);AT5G22940(+1.69);AT5G23130(+0.85);AT5G23210(+0.85);AT5G23280(+0.87)	-0.219			
5-methylsulfinylpentyl glucosinolate	Glucosinolate	Glucosinolate	80.7	94.8	0.135	0.542	301.0	56	0.027	AT5G22690(+0.62);AT5G22730(+0.45);AT5G22940(+1.69);AT5G23130(+0.85);AT5G23210(+0.85);AT5G23280(+0.87)	-0.219	Met.409	-0.711	0.039
6-methylsulfinylhexyl glucosinolate	Glucosinolate	Glucosinolate	44.5	66.7	-0.371	0.339	301.0	108	0.022	AT4G02770(-0.53);AT4G02890(-0.55);AT4G03110(+0.94);AT4G03190(+0.65);AT4G03205(+0.83);AT4G03210(+2.53);AT4G03220(+3.04);AT5G22690(+0.62);AT5G22730(+0.45);AT5G22940(+1.69);AT5G23130(+0.85);AT5G23210(+0.85);AT5G23280(+0.87)	-0.219			
7-methylsulfinylheptyl glucosinolate	Glucosinolate	Glucosinolate	36.5	55.3	9.212	1.0	274.0	62	0.04	AT5G22690(+0.62);AT5G22730(+0.45);AT5G22940(+1.69);AT5G23130(+0.85);AT5G23210(+0.85);AT5G23280(+0.87)	-0.219			
8-Methylsulfinyloctyl glucosinolate	Glucosinolate	Glucosinolate	2.0	1.6	8.927	1.0	301.0	0			-0.219	Met.412	-0.262	0.178
3-hydroxypropyl-glucosinolate	Glucosinolate	Glucosinolate	24.9		-8.222	0.036	84.0	153	0.047	AT4G02770(-0.53);AT4G02890(-0.55);AT4G03110(+0.94);AT4G03190(+0.65);AT4G03205(+0.83);AT4G03210(+2.53);AT4G03220(+3.04);AT4G03390(+0.72);AT4G03430(+0.38);AT5G22690(+0.62);AT5G22730(+0.45);AT5G22940(+1.69);AT5G23130(+0.85);AT5G23210(+0.85);AT5G23280(+0.87)	-0.219			
4-hydroxybutylglucosinolate	Glucosinolate	Glucosinolate	84.5	48.1	-0.672	0.239	197.0	57	0.023	AT4G02770(-0.53);AT4G02890(-0.55);AT4G03110(+0.94);AT4G03190(+0.65);AT4G03205(+0.83);AT4G03210(+2.53);AT4G03220(+3.04)	-0.219			
2-propenyl-glucosinolate	Glucosinolate	Glucosinolate	8.3	34.3	7.29	0.969	288.0	80	0.051	AT4G02770(-0.53);AT4G02890(-0.55);AT4G03110(+0.94);AT4G03190(+0.65);AT4G03205(+0.83);AT4G03210(+2.53);AT4G03220(+3.04);AT4G03390(+0.72);AT4G03430(+0.38)	-0.219			
3-butenylglucosinolate	Glucosinolate	Glucosinolate	16.3	35.6	-0.036	0.492	301.0	136	0.047	AT4G02770(-0.53);AT4G02890(-0.55);AT4G03110(+0.94);AT4G03190(+0.65);AT4G03205(+0.83);AT4G03210(+2.53);AT4G03220(+3.04);AT4G03390(+0.72);AT4G03430(+0.38);AT5G22690(+0.62);AT5G22730(+0.45);AT5G22940(+1.69);AT5G23130(+0.85);AT5G23210(+0.85);AT5G23280(+0.87)	-0.219			
4-pentenylglucosinolate	Glucosinolate	Glucosinolate	2.4		0.157	0.531	192.0	74	0.067	AT4G02770(-0.53);AT4G02890(-0.55);AT4G03110(+0.94);AT4G03190(+0.65);AT4G03205(+0.83);AT4G03210(+2.53);AT4G03220(+3.04);AT4G03390(+0.72);AT4G03430(+0.38)	-0.219			
3-methylthiopropyl-glucosinolate	Glucosinolate	Glucosinolate	37.0	36.3	-0.21	0.431	269.0	56	0.027	AT5G22690(+0.62);AT5G22730(+0.45);AT5G22940(+1.69);AT5G23130(+0.85);AT5G23210(+0.85);AT5G23280(+0.87)	-0.219			
4-methylthiobutyl glucosinolate	Glucosinolate	Glucosinolate	89.9	88.9	0.008	0.504	264.0	72	0.04	AT5G22690(+0.62);AT5G22730(+0.45);AT5G22940(+1.69);AT5G23130(+0.85);AT5G23210(+0.85);AT5G23280(+0.87)	-0.219			
5-methylthiopentylglucosinolate	Glucosinolate	Glucosinolate	76.2	89.3	0.513	0.631	298.0	72	0.04	AT5G22690(+0.62);AT5G22730(+0.45);AT5G22940(+1.69);AT5G23130(+0.85);AT5G23210(+0.85);AT5G23280(+0.87)	-0.219			
6-methylthiohexylglucosinolate	Glucosinolate	Glucosinolate	21.3	28.8	0.322	0.674	301.0	56	0.027	AT5G22690(+0.62);AT5G22730(+0.45);AT5G22940(+1.69);AT5G23130(+0.85);AT5G23210(+0.85);AT5G23280(+0.87)	-0.219			
7-methylthioheptyl glucosinolate	Glucosinolate	Glucosinolate	16.1	28.5	9.608	1.0	280.0	114	0.029	AT4G02770(-0.53);AT4G02890(-0.55);AT4G03110(+0.94);AT4G03190(+0.65);AT4G03205(+0.83);AT4G03210(+2.53);AT4G03220(+3.04);AT5G22690(+0.62);AT5G22730(+0.45);AT5G22940(+1.69);AT5G23130(+0.85);AT5G23210(+0.85);AT5G23280(+0.87)	-0.219			
8-Methylthiooctyl glucosinolate	Glucosinolate	Glucosinolate	6.6	2.3	0.009	0.508	301.0	79	0.046	AT5G22690(+0.62);AT5G22730(+0.45);AT5G22940(+1.69);AT5G23130(+0.85);AT5G23210(+0.85);AT5G23280(+0.87)	-0.219			
3-indolymethyl glucosinolate	Glucosinolate	Glucosinolate	22.9	23.9	8.032	1.0	301.0	0			-0.219			
1-methoxy-3-indolylmethyl-glucosinolate	Glucosinolate	Glucosinolate	57.2	23.6	7.965	1.0	299.0	28	0.15	AT4G37240(+2.20);AT4G37250(+0.66);AT4G37260(+1.61);AT4G37310(-0.57);AT4G37320(-0.72);AT4G37520(+1.16);AT4G37540(+0.64)	-0.219			
4-methoxy-3-indolylmethyl-glucosinolate	Glucosinolate	Glucosinolate	66.4	67.0	8.495	1.0	301.0	14	-0.081		-0.219			
2-hydroxy-3-butenylglucosinolate	Glucosinolate	Glucosinolate	7.2	49.2	-0.109	0.491	291.0	216	0.011	AT1G60060(+0.99);AT2G38560(+0.37);AT4G02770(-0.53);AT4G02890(-0.55);AT4G03110(+0.94);AT4G03190(+0.65);AT4G03205(+0.83);AT4G03210(+2.53);AT4G03220(+3.04);AT4G18570(-0.37);AT4G37240(+2.20);AT4G37250(+0.66);AT4G37260(+1.61);AT4G37310(-0.57);AT4G37320(-0.72);AT4G37520(+1.16);AT4G37540(+0.64);AT5G22690(+0.62);AT5G22730(+0.45);AT5G22940(+1.69);AT5G23130(+0.85);AT5G23210(+0.85);AT5G23280(+0.87)	-0.219			
4-benzoyloxybutylglucosinolate	Glucosinolate	Glucosinolate	98.3					0			-0.219			
3-sinapoyloxypropylglucosinolate	Glucosinolate	Glucosinolate						0			-0.219			
2-benzoyloxy-3-butenylglucosinolate	Glucosinolate	Glucosinolate	9.4		-0.705	0.23	87.0	0			-0.219			
2-sinapoyloxy-3-butenylglucosinolate	Glucosinolate	Glucosinolate			1.129	0.784	97.0	96	0.051	AT2G45910(+0.26);AT2G45960(-0.40);AT5G22690(+0.62);AT5G22730(+0.45);AT5G22940(+1.69);AT5G23130(+0.85);AT5G23210(+0.85);AT5G23280(+0.87)	-0.219			
Sulforaphane	Glucosinolate	Glucosinolate	93.0					0			-0.219			
4-hydroxy-3-indolylmethyl-glucosinolate	Glucosinolate	Glucosinolate		28.5	6.166	1.0	99.0	41	0.129	AT4G37240(+2.20);AT4G37250(+0.66);AT4G37260(+1.61);AT4G37310(-0.57);AT4G37320(-0.72);AT4G37520(+1.16);AT4G37540(+0.64)	-0.219			
Cyanidin 3-O-[2''-O-(2'''-O-(sinapoyl) xylosyl) 6''-O-(p-O-coumaroyl) glucoside] 5-O-[6''''-O-(malonyl) glucoside]	Flavonoid	Flavonoid	81.6	76.5	-2.106	0.164	286.0	0			-0.142			
Cyanidin 3-O-[2''-O-(2'''-O-(sinapoyl) xylosyl) 6''-O-(p-O-(glucosyl) p-coumaroyl) glucoside] 5-O-glucoside	Flavonoid	Flavonoid	64.3	38.4	-0.074	0.478	299.0	0			-0.142			
Cyanidin 3-O-[2''-O-(6'''-O-(sinapoyl) xylosyl) 6''-O-(p-O-(glucosyl)-p-coumaroyl) glucoside] 5-O-(6''''-O-malonyl) glucoside	Flavonoid	Flavonoid	58.9	38.5	1.901	0.967	299.0	0			-0.142			
Kaempferol 3-O-rhamnoside 7-O-rhamnoside	Flavonoid	Flavonoid	87.0	80.3	0.207	0.701	301.0	12	-0.004	AT1G30490(+0.55)	-0.142			
Kaempferol 3-O-glucoside 7-O-rhamnoside	Flavonoid	Flavonoid	73.1	71.2	-0.448	0.156	301.0	35	-0.074	AT1G60060(+0.99);AT4G27520(-1.21);AT4G27560(-1.01)	-0.142	Met.564	-0.332	0.174
Kaempferol 3-O-[2''-O-(rhamnosyl) glucoside] 7-O-rhamnoside	Flavonoid	Flavonoid	55.8					0			-0.142	Met.563	-0.09	0.344
Kaempferol 3-O-glucosyl-glucoside 7-O-rhamnoside	Flavonoid	Flavonoid		4.1				22	-0.075	AT1G60060(+0.99)	-0.142			
Quercetin 3-O-glucoside 7-O-rhamnoside	Flavonoid	Flavonoid	85.4	73.1	-0.633	0.186	301.0	0			-0.142	Met.821	-0.56	0.089
Quercetin 3-O-[2''-O-(rhamnosyl) glucoside] 7-O-rhamnoside	Flavonoid	Flavonoid	71.8	61.8	-0.111	0.439	301.0	0			-0.142			
Nicotinate D-ribonucleoside	Nucleotide		69.0	63.6	-0.085	0.421	285.0	64	0.185	AT5G05435(+1.04);AT5G05440(+1.45);AT5G05750(+0.73);AT5G05930(+0.42)				
gamma-L-Glutamyl-L-cysteine	Dipeptide		3.7	72.2	2.393	1.0	301.0	11	0.019	AT5G28020(-0.59)				
1,2-disinapoylglucose	Phenylpropanoid	Phenylpropanoid						86	0.111	AT2G22795(-0.57);AT2G22850(+0.97);AT2G22970(-0.75);AT2G23000(-1.48);AT2G23100(+1.54);AT2G23130(+2.70);AT2G23290(+1.66);AT2G23300(+1.05)	-0.092			
5-Hydroxyferulic acid glucoside	Phenylpropanoid	Phenylpropanoid		27.8				43	0.035	AT5G53900(+0.34);AT5G54130(-1.18);AT5G54148(+1.38);AT5G54160(-0.46);AT5G54165(+2.08);AT5G54380(+1.65)	-0.092			
Coumaric acid glucoside	Phenylpropanoid	Phenylpropanoid						43	0.035	AT5G53900(+0.34);AT5G54130(-1.18);AT5G54148(+1.38);AT5G54160(-0.46);AT5G54165(+2.08);AT5G54380(+1.65)	-0.092			
Fragment of tyramine	Amine	Amine	52.2	66.7	-0.578	0.153	301.0	36	-0.027	AT4G28750(-0.35)	-0.053			
5-O-(Indol-3-ylacetyl-myo-inositol) D-galactoside	Sugar		55.5	34.3	-0.575	0.254	295.0	28	0.15	AT4G37240(+2.20);AT4G37250(+0.66);AT4G37260(+1.61);AT4G37310(-0.57);AT4G37320(-0.72);AT4G37520(+1.16);AT4G37540(+0.64)				
Oleoside dimethyl ester	Ester			3.4				9	0.054					
Oleoside 11-methyl ester	Ester							9	0.054					
2,5-dihydroxybenzoic acid 5-O-β-D-xyloside	Phenylpropanoid	Phenylpropanoid	51.2	58.6	-0.04	0.478	301.0	49	0.157	AT5G03320(+0.52);AT5G03555(-0.75)	-0.092			
2,3-dihydroxybenzoic acid 5-O-β-D-xyloside	Phenylpropanoid	Phenylpropanoid	62.9					56	0.115	AT5G03320(+0.52);AT5G03555(-0.75)	-0.092			
2,5-dihydroxybenzoic acid 5-O-β-D-glucoside	Phenylpropanoid	Phenylpropanoid	15.3	42.1	0.228	0.588	301.0	60	0.161	AT5G03320(+0.52);AT5G03555(-0.75);AT5G05930(+0.42)	-0.092			
2,3-dihydroxybenzoic acid 5-O-β-D-glucoside	Phenylpropanoid	Phenylpropanoid						60	0.161	AT5G03320(+0.52);AT5G03555(-0.75);AT5G05930(+0.42)	-0.092			
Succinoadenosine	Nucleoside derivative		42.5	41.1	-0.895	0.013	301.0	26	0.014	AT4G18570(-0.37)		Met.886	-0.002	0.494
L-Saccharopine	Amino acid derivative	Amino acid		74.7				16	0.06	AT4G33080(-0.29);AT4G33220(-1.11)	-0.064			
b-D-Xylopyranosyl-(1->4)-a-L-rhamnopyranosyl-(1->2)-L-arabinose	Sugar							17	0.123	AT1G14000(-0.31)				
5-Hydroxy-6-methoxycoumarin 7-glucoside	Glocoside		62.1	59.5	0.09	0.554	260.0	29	0.155	AT5G04340(+0.96)				
7,8-Dihydroxycoumarin	Phenylpropanoid	Phenylpropanoid	87.2	88.1	-0.207	0.39	251.0	125	0.155	AT1G06410(+0.37);AT1G06475(+2.35);AT1G06520(+0.97);AT1G06580(+0.77);AT1G06760(-0.67);AT5G03320(+0.52);AT5G03555(-0.75);AT5G04340(+0.96)	-0.092			
Salicylic acid beta-D-glucoside	Glucoside		85.4	78.3	0.988	0.907	301.0	8	0.096					
2-Hydroxybenzaldehyde O-[xylosyl-(1->6)-glucoside]	Glucoside				-0.034	0.474	266.0	8	0.096					
Benzyl glucosinolate	Glucosinolate	Glucosinolate	31.7	55.7	0.364	0.727	300.0	28	-0.019	AT1G16250(+0.70)	-0.219			
2-Methylpropyl glucosinolate	Glucosinolate	Glucosinolate	33.2	46.7	1.264	0.926	284.0	40	-0.047	AT1G16250(+0.70);AT1G16720(-0.37)	-0.219			
3-Methylbutyl glucosinolate	Glucosinolate	Glucosinolate	41.1	56.3	-0.304	0.316	291.0	28	-0.019	AT1G16250(+0.70)	-0.219			
N-Acetyl-D-phenylalanine	Amino acid	Amino acid	80.4	73.5	-0.217	0.349	301.0	75	0.041	AT4G02770(-0.53);AT4G02890(-0.55);AT4G03110(+0.94);AT4G03190(+0.65);AT4G03205(+0.83);AT4G03210(+2.53);AT4G03220(+3.04);AT5G42760(-0.96);AT5G42765(-0.38)	-0.064			
Proline	Amino acid	Amino acid	2.3	10.4	-0.476	0.249	301.0	0			-0.064			
Valine	Amino acid	Amino acid	6.0	43.0	2.491	1.0	301.0	0			-0.064			
Nicotinamide	Amine	Amine	70.8	85.1	-1.322	0.083	301.0	9	-0.185		-0.053			
2-Picolinic acid	Organic acid		65.4	64.1	0.217	0.718	301.0	64	0.185	AT5G05435(+1.04);AT5G05440(+1.45);AT5G05750(+0.73);AT5G05930(+0.42)				
Nicotinic acid	Organic acid							0						
Leucine	Amino acid	Amino acid	25.9	21.4	4.74	1.0	301.0	0			-0.064	Met.545	4.919	1.0
Isoleucine	Amino acid	Amino acid	30.2	37.2	4.424	1.0	301.0	0			-0.064	Met.571	3.15	1.0
Spermidine	Amine	Amine	22.3					0			-0.053			
alpha-Ketoglutaric acid	Organic acid		34.9	42.1	0.115	0.591	301.0	0				Met.205	-1.683	0.004
L-Glutamine	Amino acid	Amino acid	12.0	28.5	0.269	0.698	301.0	0			-0.064			
L-Lysine	Amino acid	Amino acid		23.3				0			-0.064			
L-Glutamic acid	Amino acid	Amino acid	3.3	51.5	-0.505	0.033	301.0	52	0.022	AT4G02770(-0.53);AT4G02890(-0.55);AT4G03110(+0.94);AT4G03190(+0.65);AT4G03205(+0.83);AT4G03210(+2.53);AT4G03220(+3.04)	-0.064			
Methionine	Amino acid	Amino acid	10.6	18.1	0.118	0.588	301.0	0			-0.064			
O-Acetyl-L-Homoserine	Amino acid	Amino acid	62.5	94.8	-1.454	0.003	301.0	0			-0.064			
Uric acid	Amine	Amine	64.1	66.0	0.558	0.821	301.0	21	0.081	AT5G44010(+0.62);AT5G44060(+0.55)	-0.053	Met.985	0.253	0.741
cis-Aconitic acid	Organic acid		36.2	21.7	-1.437	0.037	301.0	0						
Indole-3-acetamide	Amine	Amine	44.4					0			-0.053			
Arginine	Amino acid	Amino acid	48.5	37.2	-2.418	0.007	301.0	0			-0.064			
L-Citrulline	Amino acid	Amino acid	10.0					0			-0.064			
Ascorbic acid	Organic acid		6.0	24.7	2.055	0.908	284.0	0						
3-Amino-3-(4-hydroxyphenyl)propanoate	Amino acid	Amino acid	24.3	19.4	5.049	1.0	301.0	0			-0.064			
N-acetyl-glutamic acid	Amino acid	Amino acid	10.6					0			-0.064	Met.422	-2.793	0.0
Citric acid	Organic acid		36.5	23.0	4.917	1.0	301.0	0				Met.321	-0.123	0.259
Scopoletin	Phenylpropanoid	Phenylpropanoid	65.8	59.9	-0.441	0.203	301.0	33	0.1	AT5G53900(+0.34);AT5G54130(-1.18);AT5G54148(+1.38);AT5G54160(-0.46);AT5G54165(+2.08)	-0.092			
Indole-3-lactic acid	Amino acid deri	Amino acid	85.7	49.5	1.004	0.944	301.0	57	0.023	AT4G02770(-0.53);AT4G02890(-0.55);AT4G03110(+0.94);AT4G03190(+0.65);AT4G03205(+0.83);AT4G03210(+2.53);AT4G03220(+3.04)	-0.064			
Pantothenic acid (Vitamine B5)	Organic acid		40.2	15.9	2.022	1.0	301.0	0				Met.728	1.263	1.0
Uridine	Nucleoside		91.0	29.4	4.461	1.0	301.0	0						
Guanosine	Nucleoside		64.5	46.0	-0.933	0.103	301.0	62	0.04	AT5G22690(+0.62);AT5G22730(+0.45);AT5G22940(+1.69);AT5G23130(+0.85);AT5G23210(+0.85);AT5G23280(+0.87)		Met.486	-1.057	0.008
Adenosine 5'-monophosphate	Nucleotide		4.0	14.2	-0.523	0.123	301.0	0						
Riboflavin	Vitamin		78.4	68.9	-2.239	0.0	301.0	0				Met.830	-1.114	0.0
Uridine 5'-diphosphate	Nucleotide		67.8					52	0.022	AT4G02770(-0.53);AT4G02890(-0.55);AT4G03110(+0.94);AT4G03190(+0.65);AT4G03205(+0.83);AT4G03210(+2.53);AT4G03220(+3.04)				
Apigenin-7-O-glucoside	Flavonoid	Flavonoid	82.7	78.6	5.517	1.0	301.0	12	-0.004	AT1G30490(+0.55)	-0.142			
Naringin	Flavonoid	Flavonoid	63.4	67.4	1.566	0.99	298.0	24	-0.164	AT3G21650(+0.45);AT3G21660(-2.28);AT3G21670(-1.04);AT3G21690(-0.60);AT3G21750(-0.82);AT3G21760(-0.57)	-0.142	Met.674	1.421	0.884
Rutin	Flavonoid	Flavonoid	85.4	73.1	-0.633	0.186	301.0	24	-0.071	AT1G60060(+0.99)	-0.142	Met.836	-0.992	0.008
beta-Nicotinamide adenine dinucleotide	Coenzyme		25.2	41.7	-0.003	0.495	301.0	0				Met.300	-0.611	0.0
Flavine adenine dinucleotide	Cofactor		2.7	26.3	-0.041	0.457	300.0	0				Met.385	-0.796	0.0
D-Aspartic acid	Organic acid		9.6	13.3	-0.434	0.08	301.0	0						
6-Hydroxynicotinic acid	Organic acid		42.3	55.5	0.498	0.918	293.0	4	0.052					
Homoserine	Amino acid	Amino acid	17.6					0			-0.064			
L-Tryptophan	Amino acid	Amino acid	7.6	27.8	5.41	1.0	301.0	0			-0.064			
Histidine	Amino acid	Amino acid		26.2				0			-0.064			
L-Asparagine	Amino acid	Amino acid		56.0				0			-0.064			
Glutathione	Antioxidant		19.3	36.2	-0.518	0.123	301.0	0				Met.457	-0.465	0.019
Guanosine 2':3'-cyclic monophosphate sodium	Nucleoside derivative		81.5	39.8	0.085	0.544	259.0	0						
Adenine	Nucleobase		57.5	10.0	-0.897	0.07	301.0	0						
Adenosine	Nucleoside		70.1	70.9	-1.321	0.027	301.0	0						
Pipecolic Acid	Organic acid		27.6	32.4	1.183	0.825	297.0	0						
Fructose 1-phosphate	Sugar		9.3					0						
Tryptamine	Alkaloid			32.7				0						
Tyrosine	Amino acid	Amino acid		22.7				0			-0.064	Met.964	5.06	1.0
D-Galactonic acid	Organic acid		18.3	28.5	-0.139	0.286	301.0	0				Met.414	-0.38	0.004
Inosine	Nucleoside		55.4					0						
Indole-3-acetyl-L-aspartic acid	Organic acid							0						
Guanosine 2':3'-cyclic monophosphate sodium	Nucleoside derivative		81.5	39.8	0.085	0.544	259.0	0						
Guanosine-5´-Monophosphate	Nucleoside derivative		25.6					0						
S-Adenosyl-L-Homocysteine	Amino acid and derivative	Amino acid	42.5					0			-0.064			
Quercitrin	Phenylpropanoid	Phenylpropanoid	37.2	17.4	-1.971	0.01	298.0	0			-0.092			
Nicotinamide adenine dinucleotide phosphate	Nucleoside derivative			71.7	-1.387	0.109	275.0	0						
D-2-Aminoadipic acid	Organic acid			36.2				0						
3-Hydroxy-3-methylglutaric acid	Organic acid			80.5				17	0.045					
N-Acetyl-L-ornithine	Amino acid and derivative	Amino acid						0			-0.064			
Allantoic acid	Organic acid			10.4				0				Met.193	4.014	1.0
D-Galactonic acid	Organic acid		18.3	28.5	-0.139	0.286	301.0	0				Met.414	-0.38	0.004
N-cinnamoyl-glycine	Amino acid and derivative	Amino acid		94.4				0			-0.064			
4-Hydroxymethyl-3-methoxyphenoxyacetic acid	Organic acid							41	0.069	AT5G53900(+0.34);AT5G54130(-1.18);AT5G54148(+1.38);AT5G54160(-0.46);AT5G54165(+2.08);AT5G54380(+1.65)				
Adenosine 5'-phosphosulfate	Nucleoside derivative			80.0				0						
